{"AMZN": [1, 0.5002296566963196], "GOOG": [1, 0.4307919144630432], "GOOGL": [1, 0.48237788677215576], "BKNG": [2, 0.24100810289382935], "MELI": [1, 0.3043173849582672], "AVGOP": [2, 0.5281328558921814], "CSGP": [1, 0.1501685529947281], "ISRG": [1, 0.2445027232170105], "FCNCA": [2, 0.5229780673980713], "EQIX": [1, 0.23712928593158722], "WISH": [0, 0.15499162673950195], "TRCH": [0, 0.0783313661813736], "AMC": [1, 0.5803823471069336], "CLOV": [1, 0.18038277328014374], "SNDL": [1, 0.39036691188812256], "ATOS": [1, 0.4349634051322937], "AAPL": [1, 0.4743374288082123], "SQQQ": [1, 0.2531786262989044], "PLUG": [1, 0.3588699698448181], "IDRA": [2, 0.3805789649486542], "BB": [1, 0.2770448625087738], "GME": [1, 0.4496449828147888], "CLNE": [2, 0.1617320477962494], "PLAY": [1, 0.45700791478157043], "CASH": [1, 0.4799176752567291], "AMD": [1, 0.4464356601238251], "FUND": [1, 0.46712106466293335]}